{"DFmax": 3.15792638346727, "T_num": 2, "type": "FM", "delta_f_max": 2976.740365027561}