{"DFmax": 2.4024855880984433, "T_num": 3, "type": "FM", "delta_f_max": 2124.5092000942404}