{"DFmax": 3.644173223815983, "T_num": 3, "type": "FM", "delta_f_max": 2.401676446442649}