{"DFmax": 15.688518927302653, "T_num": 3, "type": "FM", "delta_f_max": 15.688518927302653}